region;site ;long;lat
false_bay;St James ;18.46015;-34.118881
west_coast;Oudekraal;18.346194;-33.984972
west_coast;Bakoven;18.375025;-33.955275
west_coast;Yzerfontein;18.147258;-33.353570
false_bay;Miller`s_A;18.475089;-34.233606
false_bay;Miller`s_B;18.474855;-34.234379
false_bay;Miller`s_C;18.476115;-34.231768
west_coast;Soetwater;18.344209;-34.178964
west_coast;Slangkop;18.318537;-34.147874
west_coast;Kommetjie;18.322878;-34.137589
false_bay;St_James_N;18.466656;-34.113217
false_bay;St_James_S;18.459737;-34.119262
false_bay;Kalk_Bay;18.449465;-34.130201
false_bay;Buffels;18.462821;-34.322094
false_bay;Black_rocks; 18.462159;-34.309134
false_bay;Olifantsbos;18.380981;-34.258224
